id,idade,salario,departamento,experiencia_anos,nota_desempenho
1,56,8882,TI,20,5.91
2,69,3906,RH,19,5.37
3,46,5086,Financeiro,22,8.54
4,32,10152,Financeiro,20,0.49
5,60,7750,Marketing,25,8.33
6,25,14772,Financeiro,29,8.44
7,38,12267,TI,3,2.85
8,56,10905,TI,1,4.63
9,36,3062,Financeiro,19,4.39
10,40,3976,TI,15,2.19
11,28,3296,RH,27,3.97
12,28,8229,RH,17,0.44
13,41,9641,Financeiro,7,2.78
14,53,2125,RH,2,8.17
15,57,6632,RH,8,2.85
16,41,8288,Marketing,28,8.18
17,20,5596,Marketing,19,5.32
18,39,13475,RH,28,8.8
19,19,8168,Financeiro,5,5.75
20,41,11795,Marketing,9,0.3
21,61,9561,TI,20,6.75
22,47,10258,TI,9,0.45
23,55,2232,TI,12,4.51
24,19,12348,Financeiro,16,9.29
25,38,11361,RH,8,1.65
26,50,12350,TI,16,3.9
27,29,8371,Financeiro,23,7.3
28,39,6206,Marketing,8,8.82
29,61,11685,RH,8,6.71
30,42,14910,Marketing,0,2.58
31,66,9943,Financeiro,1,6.75
32,44,14199,TI,27,2.97
33,59,8891,TI,15,7.18
34,45,8738,Financeiro,28,9.54
35,33,4472,TI,0,7.21
36,32,12852,RH,9,8.63
37,64,4739,Financeiro,17,0.02
38,68,7401,Marketing,25,7.18
39,61,3761,Financeiro,27,8.3
40,69,13706,RH,7,0.41
41,20,12167,RH,20,8.72
42,54,12554,Financeiro,27,2.57
43,68,2876,Financeiro,10,6.65
44,24,5812,TI,22,8.0
45,38,13640,RH,1,6.63
46,26,11504,Financeiro,7,0.92
47,56,3460,Financeiro,26,5.96
48,35,12901,RH,21,5.5
49,21,12516,Financeiro,7,9.0
50,42,3733,TI,16,4.04
51,31,3605,RH,14,3.21
52,67,7622,TI,16,7.5
53,26,8767,TI,27,4.13
54,43,12755,TI,22,6.46
55,19,13613,TI,23,6.46
56,37,8986,RH,12,8.88
57,45,5517,TI,18,5.99
58,64,12589,TI,4,5.02
59,24,5735,Financeiro,11,1.39
60,61,13062,RH,0,1.16
61,25,11352,RH,22,1.54
62,64,10434,Marketing,4,1.72
63,52,4590,RH,7,6.38
64,31,3063,RH,12,7.41
65,34,6324,Marketing,7,5.3
66,53,12787,RH,24,8.29
67,67,11111,RH,22,9.91
68,57,7342,RH,10,8.2
69,21,2005,RH,0,6.95
70,19,9489,Marketing,12,5.32
71,23,10659,RH,18,4.49
72,59,14362,RH,23,0.84
73,21,10195,Marketing,2,3.99
74,46,7966,Financeiro,23,9.1
75,35,10837,TI,16,8.08
76,43,2117,Financeiro,4,2.16
77,61,13120,Marketing,19,4.67
78,51,4551,TI,20,8.17
79,27,7560,Marketing,7,0.67
80,53,6289,Marketing,25,3.87
81,31,2846,RH,13,8.52
82,48,12954,TI,3,4.04
83,65,8316,RH,10,0.78
84,32,8469,TI,19,5.43
85,25,11333,Marketing,14,8.62
86,31,12002,Marketing,18,5.9
87,40,10915,Financeiro,6,2.26
88,57,2224,TI,18,3.84
89,38,14819,RH,27,4.5
90,33,6208,Financeiro,18,5.79
91,62,8283,Financeiro,10,7.59
92,35,14846,Financeiro,25,0.99
93,64,4048,RH,4,8.9
94,41,8233,Financeiro,4,0.12
95,43,14941,RH,29,3.7
96,42,14607,Financeiro,21,0.27
97,62,11765,RH,7,3.93
98,58,3828,Marketing,9,5.26
99,46,3917,Marketing,5,5.12
100,32,6234,Marketing,14,1.66
101,62,8988,Marketing,15,6.46
102,18,4026,Marketing,27,0.45
103,42,5744,Financeiro,16,7.62
104,24,11093,Financeiro,7,9.47
105,26,14977,Financeiro,7,3.4
106,41,12231,RH,24,5.17
107,18,2009,RH,8,3.79
108,61,2260,RH,1,0.07
109,25,8038,RH,14,3.86
110,41,11865,Marketing,17,7.92
111,28,4219,Marketing,2,5.96
112,68,9041,Marketing,16,1.01
113,34,4060,TI,3,8.47
114,25,7287,Financeiro,29,5.31
115,52,13905,RH,3,8.42
116,52,3619,RH,13,5.8
117,50,10512,Marketing,8,5.6
118,22,3342,RH,8,1.05
119,59,12568,RH,24,1.67
120,56,4832,Financeiro,25,9.72
121,58,4824,Marketing,22,2.28
122,45,3994,Financeiro,29,9.77
123,24,13150,TI,17,5.32
124,26,12230,TI,9,1.36
125,25,5490,TI,20,0.99
126,29,13869,Marketing,3,2.09
127,51,11310,RH,11,9.26
128,50,9984,Marketing,26,4.14
129,65,3604,Marketing,7,3.95
130,40,14219,RH,1,3.13
131,41,2235,Financeiro,21,1.47
132,54,12161,TI,12,4.88
133,52,14621,Financeiro,20,1.3
134,61,3908,TI,15,8.35
135,57,10567,Marketing,27,3.7
136,39,5530,TI,1,3.75
137,44,7256,Marketing,10,4.74
138,52,4635,Financeiro,9,4.44
139,18,10162,Marketing,14,9.95
140,52,11762,Financeiro,16,5.45
141,54,4560,RH,7,0.88
142,64,7415,RH,17,6.07
143,31,5391,RH,22,1.52
144,20,13157,Marketing,8,0.31
145,18,13835,RH,24,9.71
146,22,7951,TI,7,7.74
147,43,7468,Financeiro,26,9.8
148,31,10007,Financeiro,13,4.78
149,56,14042,TI,27,5.32
150,44,11064,Marketing,25,1.68
151,26,11444,Marketing,24,2.47
152,32,8413,Financeiro,17,8.39
153,32,8941,RH,21,3.56
154,43,11506,Marketing,19,8.27
155,59,6820,Marketing,29,7.09
156,30,4898,TI,19,1.77
157,68,9546,TI,20,5.07
158,49,2077,RH,11,6.77
159,56,9577,Marketing,18,2.35
160,66,12813,Marketing,13,8.31
161,69,6227,TI,16,5.45
162,49,2600,Marketing,23,1.65
163,21,3065,Financeiro,20,5.83
164,47,4136,TI,2,10.0
165,54,12641,RH,25,1.51
166,40,12535,TI,29,8.17
167,56,12055,Marketing,22,2.07
168,62,11510,RH,6,7.82
169,32,14903,TI,16,7.35
170,60,13789,Financeiro,11,3.0
171,46,8943,Financeiro,8,3.26
172,53,13954,TI,14,7.93
173,30,9804,Financeiro,17,4.61
174,49,8565,Financeiro,20,7.31
175,24,7984,Financeiro,12,1.48
176,68,7142,RH,29,8.53
177,39,6670,Financeiro,20,7.11
178,45,4190,Financeiro,29,9.07
179,19,11184,Financeiro,7,1.32
180,59,4712,RH,13,5.93
181,62,4192,TI,7,5.99
182,23,3248,Marketing,13,3.53
183,45,13246,Financeiro,6,4.58
184,45,14790,TI,22,0.38
185,61,6033,Financeiro,11,7.46
186,61,3997,RH,10,5.49
187,37,5687,TI,21,0.58
188,47,12343,RH,21,6.81
189,28,6018,Financeiro,10,4.67
190,45,13302,Financeiro,24,0.34
191,42,3970,RH,21,9.7
192,56,10389,Marketing,27,9.49
193,50,7765,RH,28,5.13
194,18,12818,Financeiro,12,0.94
195,44,3202,RH,17,7.55
196,69,10135,Marketing,1,4.92
197,30,7567,RH,28,3.02
198,58,9667,Marketing,20,4.91
199,20,7742,Marketing,14,5.22
200,56,7788,RH,19,5.63
201,23,7408,RH,26,4.41
202,25,12227,TI,17,6.06
203,44,10669,Financeiro,14,9.19
204,26,11446,Marketing,18,3.62
205,54,2922,TI,22,7.26
206,50,2419,RH,23,8.94
207,68,4204,Financeiro,11,4.56
208,59,12789,TI,12,4.43
209,61,3120,Marketing,21,6.02
210,41,13260,TI,10,5.91
211,32,2950,Marketing,4,8.07
212,49,4336,RH,28,4.76
213,49,7373,Financeiro,0,9.96
214,41,4243,Financeiro,23,0.59
215,58,4645,Financeiro,2,0.03
216,69,12049,RH,21,6.4
217,66,6612,Marketing,18,2.98
218,66,3865,RH,22,2.4
219,69,13104,Financeiro,28,3.12
220,29,13045,RH,29,2.56
221,56,8028,RH,6,0.31
222,19,9326,RH,11,9.72
223,20,8371,Marketing,14,2.21
224,66,8359,TI,24,7.34
225,54,9863,TI,4,7.63
226,66,5228,RH,14,9.29
227,34,5719,TI,7,0.31
228,66,13420,TI,9,8.72
229,19,4371,RH,25,5.27
230,19,4891,RH,15,6.33
231,45,5756,Financeiro,7,6.44
232,40,6225,TI,0,8.2
233,54,2094,Marketing,11,3.33
234,49,4674,RH,4,7.33
235,50,8898,Financeiro,2,5.29
236,18,12147,Marketing,0,7.93
237,36,2793,TI,3,9.91
238,19,12026,Financeiro,7,2.01
239,61,4116,RH,2,9.95
240,43,7779,Marketing,9,0.9
241,49,14298,RH,1,0.02
242,23,13517,TI,10,0.44
243,49,13111,Marketing,24,3.42
244,21,12789,TI,9,6.33
245,28,13397,TI,20,0.69
246,34,14999,Financeiro,13,0.06
247,55,8166,RH,6,9.37
248,41,2814,Marketing,26,8.22
249,22,2345,TI,26,8.09
250,69,12541,TI,1,8.84
251,51,10554,Marketing,8,7.0
252,23,4443,TI,15,1.04
253,39,12457,Financeiro,12,3.99
254,28,12380,Financeiro,8,7.23
255,65,9783,Financeiro,19,2.8
256,33,13197,Financeiro,3,6.87
257,50,13473,TI,21,0.24
258,26,2984,Marketing,9,3.06
259,23,9790,Marketing,25,5.49
260,33,11831,Marketing,25,6.32
261,46,2827,Marketing,21,5.77
262,20,12922,RH,11,6.98
263,37,5531,Marketing,16,0.06
264,53,9147,RH,13,1.01
265,36,6451,RH,13,8.69
266,43,13127,Financeiro,24,6.82
267,20,5876,RH,1,1.13
268,36,7959,TI,20,8.42
269,37,2126,RH,24,2.42
270,49,5177,Financeiro,19,4.78
271,24,13248,RH,10,1.45
272,69,10795,TI,15,7.1
273,58,13641,TI,18,6.67
274,50,8024,TI,22,2.11
275,57,7109,Financeiro,5,8.63
276,56,6146,Financeiro,23,4.01
277,35,9196,Marketing,18,2.93
278,57,13725,Financeiro,4,1.52
279,18,13559,TI,25,2.66
280,28,5368,TI,3,0.22
281,45,5797,Financeiro,14,5.83
282,42,3792,RH,28,8.42
283,67,13053,Financeiro,3,5.49
284,40,7732,Financeiro,19,2.19
285,48,5476,TI,9,0.34
286,47,5417,Marketing,23,2.15
287,59,3645,TI,21,4.16
288,52,11397,Marketing,2,7.6
289,24,5030,TI,25,1.88
290,33,4872,Financeiro,4,7.2
291,43,5072,TI,5,8.67
292,65,3854,TI,20,4.54
293,69,6021,TI,21,8.21
294,66,6662,Financeiro,7,5.55
295,19,8514,Financeiro,6,6.37
296,18,7031,Financeiro,20,5.26
297,65,4708,Financeiro,9,4.63
298,29,13694,Marketing,5,2.35
299,22,9112,Marketing,13,3.03
300,54,11524,RH,3,2.9
301,49,10393,Financeiro,27,5.63
302,26,5507,Marketing,24,1.2
303,58,8456,TI,12,9.17
304,52,6212,Financeiro,19,7.21
305,36,9970,RH,16,4.01
306,65,10766,RH,22,1.59
307,33,2536,RH,6,8.82
308,20,3625,TI,3,8.24
309,37,12314,Marketing,28,7.22
310,41,9973,TI,13,2.72
311,50,10577,Financeiro,2,4.02
312,41,10070,RH,23,1.03
313,69,13473,TI,4,1.89
314,28,10666,TI,15,7.83
315,66,10609,Marketing,25,7.15
316,25,8490,Marketing,22,5.93
317,53,5600,RH,19,8.96
318,55,8783,TI,3,5.83
319,57,11146,TI,23,4.67
320,37,6971,Marketing,29,3.4
321,52,3205,TI,23,9.4
322,65,14951,TI,1,0.83
323,42,14312,TI,29,9.31
324,52,3990,Marketing,17,8.27
325,42,7299,RH,18,1.3
326,46,14997,Financeiro,27,5.65
327,35,5572,RH,27,8.67
328,63,7975,Financeiro,18,5.72
329,35,8320,TI,16,9.07
330,19,6380,RH,13,9.43
331,52,14350,Financeiro,18,4.22
332,33,6757,Marketing,21,3.77
333,58,4713,Marketing,23,9.36
334,53,12395,RH,12,6.75
335,50,7588,RH,11,1.16
336,21,13312,TI,29,0.42
337,50,2966,RH,25,5.65
338,31,6944,TI,5,9.3
339,38,5432,TI,20,8.44
340,65,2688,Marketing,3,6.76
341,37,6243,Marketing,18,1.39
342,25,5701,Financeiro,15,2.54
343,24,10533,Marketing,12,8.76
344,20,7182,Marketing,3,1.83
345,34,11916,RH,29,2.78
346,50,8704,Marketing,22,1.3
347,65,6422,Financeiro,16,6.76
348,29,11984,RH,22,9.44
349,68,3759,Financeiro,0,2.69
350,39,13404,Marketing,17,4.75
351,39,11181,Financeiro,19,6.34
352,63,12454,RH,16,9.99
353,47,4482,TI,26,1.05
354,55,10058,Financeiro,27,4.99
355,55,2951,Financeiro,26,3.85
356,62,10914,RH,14,8.66
357,68,13581,RH,10,4.76
358,25,4079,Financeiro,24,1.11
359,44,4717,Marketing,27,6.34
360,44,12524,Financeiro,21,7.71
361,51,13568,RH,12,0.03
362,38,6524,TI,0,8.59
363,47,11692,TI,16,1.86
364,50,10477,Marketing,5,5.52
365,45,9311,Financeiro,3,4.16
366,64,13687,TI,19,7.2
367,50,9186,Financeiro,15,3.71
368,22,4065,RH,14,8.7
369,65,2768,TI,26,7.3
370,36,7490,Marketing,14,6.48
371,21,13249,RH,5,7.96
372,52,14481,Marketing,14,7.54
373,66,8645,RH,13,0.36
374,34,7083,TI,27,3.95
375,61,7232,Marketing,10,9.31
376,45,12353,Marketing,6,1.26
377,47,13485,RH,8,7.37
378,46,7797,Marketing,25,9.75
379,63,11138,RH,15,0.52
380,23,6926,RH,4,6.82
381,52,8016,RH,24,4.68
382,58,5335,RH,19,5.79
383,54,14342,TI,28,0.85
384,41,10038,RH,9,0.43
385,46,6873,Financeiro,17,6.67
386,66,3481,Marketing,2,8.23
387,63,12093,Financeiro,12,7.82
388,48,8305,TI,10,5.44
389,52,5451,Financeiro,16,1.0
390,50,14256,Marketing,29,6.88
391,69,2054,Financeiro,29,2.42
392,38,9643,TI,21,9.11
393,49,12015,RH,12,8.38
394,40,5462,Financeiro,5,7.09
395,50,13271,TI,16,9.49
396,20,2832,TI,26,0.31
397,35,14600,Marketing,12,7.36
398,42,12998,Marketing,18,3.3
399,59,7954,Financeiro,20,9.06
400,48,12682,RH,18,2.67
401,20,10519,TI,9,7.25
402,57,9221,Financeiro,2,8.78
403,63,5310,TI,13,0.42
404,41,5300,TI,25,3.98
405,67,8722,RH,18,7.62
406,49,9218,RH,4,4.55
407,64,9776,Financeiro,28,2.67
408,39,5675,RH,4,2.2
409,40,5054,RH,19,1.32
410,19,9970,Financeiro,16,8.57
411,44,4143,RH,20,5.75
412,59,7207,Marketing,9,0.76
413,19,11503,TI,4,3.83
414,43,13383,TI,3,3.68
415,34,4538,TI,5,1.82
416,57,14175,TI,25,4.36
417,50,6547,Financeiro,3,3.32
418,26,7619,TI,29,3.42
419,60,10356,TI,6,7.39
420,65,14469,TI,6,2.23
421,56,8612,TI,17,6.42
422,46,7005,Marketing,2,5.71
423,59,2822,TI,0,5.68
424,43,2943,Marketing,23,6.63
425,52,8150,Financeiro,24,5.48
426,67,6425,RH,3,8.79
427,42,10966,TI,5,6.76
428,41,4198,RH,8,5.47
429,30,13348,RH,21,8.3
430,24,6242,Financeiro,13,6.06
431,53,5695,RH,27,2.91
432,62,5452,Marketing,11,2.07
433,37,11106,RH,27,1.52
434,18,3308,RH,24,8.99
435,25,6177,RH,19,7.1
436,63,10705,TI,23,9.37
437,33,12112,TI,24,6.03
438,31,8852,Marketing,3,4.73
439,29,8035,Marketing,20,0.6
440,68,5594,TI,29,6.72
441,40,6841,Marketing,23,5.82
442,32,3409,TI,11,9.9
443,45,14994,Financeiro,9,2.39
444,51,6566,RH,29,5.31
445,19,13382,RH,21,6.51
446,49,6491,Marketing,27,6.45
447,40,3555,TI,6,5.61
448,39,2804,TI,2,7.77
449,68,3279,Marketing,22,2.05
450,42,9083,TI,27,7.26
451,39,7986,Financeiro,13,6.2
452,39,7619,RH,23,8.96
453,66,13769,Marketing,9,8.47
454,69,13093,Marketing,15,3.15
455,59,3387,TI,15,2.76
456,23,14880,Marketing,21,9.82
457,32,12953,Financeiro,9,5.27
458,60,4679,TI,24,9.06
459,54,4106,TI,12,1.64
460,50,10173,TI,5,6.43
461,25,6223,TI,11,8.1
462,61,6831,Financeiro,8,9.47
463,61,4768,TI,12,3.37
464,22,14145,Marketing,3,7.25
465,56,5186,Financeiro,23,5.39
466,21,13472,RH,10,0.61
467,23,4573,RH,19,6.9
468,62,14808,Marketing,17,6.9
469,49,4599,Marketing,25,9.31
470,69,6033,Financeiro,10,4.97
471,47,10428,RH,24,2.3
472,64,3304,RH,20,0.45
473,52,13622,RH,3,4.16
474,57,9368,RH,17,3.02
475,69,7877,RH,0,7.61
476,33,3301,TI,26,3.54
477,30,4541,Marketing,6,9.49
478,67,4051,TI,5,9.62
479,59,8809,RH,14,6.21
480,47,10633,Financeiro,17,9.29
481,36,12268,Financeiro,23,7.61
482,34,13372,RH,10,5.47
483,36,12849,RH,19,1.8
484,45,13990,Financeiro,23,4.59
485,43,10996,TI,14,5.61
486,54,2074,TI,15,8.64
487,43,8981,RH,6,4.81
488,40,12367,TI,20,8.98
489,26,14116,Financeiro,9,6.74
490,29,12281,TI,25,1.37
491,18,7475,RH,11,9.95
492,18,10232,Financeiro,23,5.27
493,64,12273,TI,13,3.92
494,51,9184,Marketing,24,6.59
495,49,7796,Financeiro,4,1.09
496,65,9141,Financeiro,25,6.37
497,42,14875,Marketing,20,4.98
498,57,3622,Marketing,17,4.07
499,62,10041,Financeiro,4,9.53
500,18,2341,Marketing,2,5.23
501,33,14244,RH,22,2.19
502,56,4074,RH,25,4.59
503,22,9992,RH,4,9.19
504,39,2645,Financeiro,23,1.76
505,46,6263,Marketing,16,2.14
506,20,10801,Marketing,18,0.13
507,29,8136,TI,18,0.14
508,43,10646,TI,24,8.29
509,33,13145,Marketing,20,7.32
510,68,11900,Marketing,11,3.55
511,54,13664,Marketing,24,6.98
512,39,4969,Financeiro,28,3.95
513,46,5028,Marketing,8,9.53
514,31,9643,TI,0,9.67
515,45,14989,Financeiro,17,3.93
516,22,4681,Marketing,20,8.54
517,64,5629,TI,3,7.73
518,66,6225,Financeiro,9,3.1
519,47,5067,Marketing,24,2.32
520,63,7941,Marketing,6,4.58
521,69,3386,Marketing,21,7.81
522,22,13968,Financeiro,22,9.6
523,29,4866,TI,0,7.64
524,33,6788,TI,16,8.55
525,43,13555,RH,23,6.03
526,43,7490,Marketing,28,8.35
527,65,6124,RH,28,7.84
528,38,10340,RH,1,3.77
529,56,5850,TI,27,5.52
530,53,7415,Financeiro,25,8.05
531,50,12250,Financeiro,10,0.46
532,47,9679,TI,8,8.08
533,54,8819,Financeiro,6,1.78
534,40,11328,RH,21,5.15
535,27,10378,Marketing,16,8.08
536,22,13046,TI,16,2.54
537,53,11442,Marketing,1,2.46
538,51,3333,Financeiro,5,4.03
539,69,14385,Marketing,13,8.95
540,48,6150,Financeiro,5,0.0
541,27,8766,Financeiro,1,9.01
542,36,4711,RH,0,1.54
543,49,6853,Financeiro,9,9.9
544,18,14693,RH,20,9.55
545,22,8212,RH,4,4.95
546,62,9479,RH,1,5.13
547,21,7408,TI,21,4.82
548,33,11977,TI,15,6.35
549,41,9715,Financeiro,24,0.91
550,33,10942,RH,1,0.33
551,19,3762,TI,9,0.58
552,66,14112,RH,1,4.44
553,45,9101,Marketing,15,2.76
554,49,9674,Marketing,15,6.22
555,44,14652,Marketing,18,9.92
556,37,8122,Financeiro,28,3.86
557,41,2481,RH,6,5.74
558,29,2153,Marketing,21,4.16
559,67,9617,TI,11,8.47
560,52,3524,Marketing,23,9.02
561,50,4120,Marketing,14,8.77
562,50,4343,Marketing,7,9.74
563,68,7136,Financeiro,5,0.28
564,60,7760,TI,27,8.4
565,54,3240,RH,26,7.52
566,29,2060,TI,9,2.29
567,20,11130,RH,2,9.56
568,18,3639,Financeiro,18,1.48
569,50,8185,Financeiro,16,6.8
570,57,14312,Financeiro,6,2.25
571,27,9970,Financeiro,20,4.31
572,60,14418,RH,19,7.19
573,61,13761,Marketing,25,5.63
574,46,3252,RH,3,4.28
575,30,6203,TI,13,3.26
576,29,10363,Financeiro,19,8.4
577,48,11650,Financeiro,21,1.44
578,63,5549,TI,14,4.3
579,19,6197,RH,23,9.04
580,68,9009,Marketing,7,8.46
581,67,8667,Marketing,20,4.01
582,52,4322,TI,14,7.63
583,40,11828,Marketing,21,8.23
584,34,13307,RH,19,8.89
585,43,6090,RH,27,5.45
586,25,8960,TI,13,2.04
587,46,5004,RH,26,2.55
588,43,7136,Financeiro,28,2.96
589,27,2329,TI,8,5.94
590,43,5640,RH,7,0.33
591,51,14086,TI,25,6.36
592,68,9982,Marketing,27,3.64
593,58,6107,RH,25,2.95
594,24,3341,Financeiro,16,8.79
595,21,13855,RH,1,4.6
596,67,10407,TI,24,0.95
597,62,2338,TI,23,8.27
598,28,7895,RH,29,0.48
599,46,14254,Financeiro,2,7.27
600,53,4708,Financeiro,7,7.74
601,42,13344,Financeiro,11,3.53
602,38,3750,TI,0,8.25
603,53,7604,RH,9,5.16
604,27,4421,Marketing,19,4.63
605,54,9119,TI,2,0.45
606,26,10901,Financeiro,5,2.9
607,41,7319,RH,6,9.31
608,52,8609,Financeiro,19,3.92
609,66,7387,Marketing,22,5.47
610,52,13918,Financeiro,24,5.32
611,65,13834,Financeiro,26,5.9
612,53,5993,Marketing,17,0.61
613,35,10680,RH,10,3.62
614,66,10044,TI,18,7.23
615,56,10238,RH,4,2.01
616,49,13551,Marketing,18,2.04
617,41,6873,Financeiro,10,0.1
618,40,6806,RH,23,4.37
619,49,10592,TI,11,8.83
620,54,14182,Marketing,9,0.52
621,29,7913,RH,7,1.91
622,66,9124,TI,23,3.1
623,30,5157,Marketing,27,7.32
624,40,14537,TI,27,6.41
625,42,2390,Marketing,8,4.16
626,52,14045,Financeiro,3,7.59
627,58,6430,RH,4,6.1
628,47,10820,TI,20,8.96
629,34,9686,Marketing,7,8.18
630,66,6232,TI,22,2.53
631,37,13122,TI,8,2.71
632,65,10007,RH,14,1.25
633,42,3521,Financeiro,14,3.37
634,39,11018,TI,15,10.0
635,30,3500,Marketing,13,4.06
636,36,8737,Marketing,7,2.2
637,66,5294,Financeiro,17,7.62
638,53,7085,Marketing,9,5.42
639,29,4419,Financeiro,27,1.5
640,58,11126,Marketing,19,3.81
641,36,5042,RH,5,4.14
642,29,6497,TI,11,7.54
643,26,3466,RH,1,0.21
644,24,5561,TI,6,2.69
645,45,2614,TI,15,5.18
646,31,7392,TI,2,2.69
647,48,9693,RH,12,6.28
648,69,11374,TI,2,4.82
649,36,5223,RH,26,3.62
650,64,9138,Financeiro,17,9.49
651,33,4667,Marketing,10,6.32
652,22,9980,Marketing,7,1.3
653,52,2130,TI,5,5.6
654,29,4983,RH,0,7.81
655,42,6278,Marketing,27,7.08
656,69,9126,RH,0,1.72
657,38,14651,RH,22,9.72
658,53,10230,TI,7,4.49
659,40,9694,Marketing,4,1.59
660,33,14151,TI,27,1.8
661,56,8640,TI,15,0.98
662,62,13779,Marketing,10,8.04
663,59,7468,Marketing,4,1.22
664,56,2920,Financeiro,3,1.25
665,31,9564,Financeiro,29,8.5
666,48,12961,RH,5,3.45
667,22,14303,Marketing,13,0.31
668,52,10684,Financeiro,21,0.52
669,40,11323,RH,18,1.42
670,46,13713,RH,8,2.13
671,60,10502,RH,11,6.65
672,28,10930,Financeiro,10,1.57
673,35,5241,Marketing,13,1.19
674,64,2545,TI,22,7.65
675,29,12653,RH,15,6.71
676,26,6346,Financeiro,0,4.35
677,27,11996,Financeiro,12,5.49
678,61,13404,TI,22,3.12
679,34,5810,TI,20,4.83
680,55,9206,Financeiro,20,5.07
681,24,11005,Marketing,29,3.87
682,63,14316,TI,12,9.07
683,30,4032,Financeiro,1,0.16
684,57,14764,TI,3,7.82
685,59,14605,Marketing,27,1.24
686,26,10436,RH,5,7.98
687,67,14984,TI,25,6.16
688,44,2271,Marketing,26,8.43
689,19,5511,Financeiro,22,0.98
690,22,3771,TI,26,5.59
691,46,11454,TI,4,5.01
692,54,12616,Financeiro,24,7.06
693,55,6361,RH,2,5.34
694,36,9069,Financeiro,0,5.41
695,25,2920,TI,3,4.3
696,65,10190,Financeiro,24,3.09
697,62,5430,Marketing,19,4.82
698,18,6435,Financeiro,1,1.18
699,39,14676,TI,25,9.62
700,69,12816,Financeiro,29,7.14
701,34,5760,RH,29,9.52
702,24,4050,Financeiro,4,2.27
703,42,13692,RH,2,8.79
704,62,3165,Marketing,28,8.09
705,21,10567,RH,27,6.77
706,53,4033,Financeiro,28,6.25
707,23,8467,TI,8,3.17
708,48,2145,RH,19,8.16
709,36,6388,Marketing,5,5.02
710,61,9832,RH,17,0.71
711,56,10623,RH,5,3.13
712,44,10896,RH,18,9.35
713,27,10173,Marketing,27,8.51
714,43,4632,Financeiro,11,9.82
715,36,6494,RH,24,6.28
716,56,10056,RH,10,2.48
717,20,9511,TI,1,1.63
718,62,11155,Marketing,14,1.87
719,30,12426,RH,11,0.2
720,67,12233,Marketing,11,3.91
721,45,3828,RH,8,1.91
722,37,12300,Financeiro,20,4.12
723,45,14260,Financeiro,23,9.35
724,25,11130,RH,1,4.31
725,58,6805,Financeiro,21,8.78
726,56,2806,RH,2,6.06
727,18,11655,Financeiro,11,2.47
728,20,9486,TI,27,3.56
729,30,13607,TI,29,0.84
730,45,10202,TI,25,3.33
731,66,3868,Marketing,15,6.78
732,42,9878,Marketing,20,0.72
733,50,7690,TI,27,2.05
734,55,9827,Marketing,23,3.81
735,23,7429,Financeiro,25,9.82
736,61,11076,RH,29,7.85
737,62,5564,RH,0,7.33
738,49,3389,RH,20,1.16
739,62,13593,TI,2,7.81
740,64,9274,Marketing,19,7.85
741,38,14513,Financeiro,1,6.01
742,33,2824,Financeiro,8,9.9
743,38,4265,TI,18,3.25
744,28,2936,Financeiro,14,9.41
745,54,12992,Financeiro,17,9.15
746,53,12745,Financeiro,25,0.11
747,52,8402,Financeiro,10,4.5
748,36,5845,Marketing,24,9.77
749,37,3796,Financeiro,22,1.03
750,35,10245,RH,15,5.48
751,64,9214,TI,21,9.79
752,58,2726,Marketing,16,5.55
753,66,4736,Financeiro,4,1.9
754,31,13362,Marketing,11,5.82
755,32,3913,Financeiro,10,2.04
756,48,11788,RH,29,5.2
757,18,12106,TI,14,0.74
758,20,9657,Financeiro,26,6.05
759,33,4466,Financeiro,2,5.17
760,40,12929,Financeiro,0,7.4
761,28,11041,Financeiro,19,6.31
762,29,12301,TI,28,5.5
763,27,9312,TI,15,6.9
764,49,10194,RH,1,1.44
765,33,14447,TI,1,5.95
766,25,9906,Financeiro,2,1.72
767,55,14261,RH,7,9.26
768,29,6876,RH,23,0.68
769,41,9287,RH,27,4.3
770,45,2892,Financeiro,14,6.96
771,25,12222,Marketing,6,4.58
772,45,13352,Financeiro,5,0.92
773,53,12568,TI,8,5.53
774,43,6675,TI,19,6.42
775,25,3933,Financeiro,27,7.04
776,67,3380,Financeiro,0,3.73
777,45,13873,RH,7,5.64
778,45,3290,Financeiro,22,4.51
779,54,3640,RH,22,6.72
780,58,9490,TI,2,5.84
781,53,12874,RH,3,5.26
782,44,11179,Financeiro,25,2.5
783,34,3218,TI,24,0.02
784,26,7016,Marketing,14,1.74
785,50,8881,RH,5,1.17
786,37,11547,TI,14,4.49
787,30,14457,RH,20,6.12
788,45,14808,TI,2,2.13
789,65,14327,TI,24,9.39
790,46,11752,RH,20,0.07
791,30,11610,Marketing,20,7.72
792,63,2954,TI,13,6.25
793,52,11175,TI,19,3.74
794,23,9291,TI,13,0.5
795,35,2974,Marketing,3,6.27
796,68,6133,Marketing,11,3.86
797,22,7370,Financeiro,16,9.36
798,64,5972,RH,6,5.42
799,42,7295,Marketing,8,9.4
800,19,11105,RH,2,2.2
801,27,14741,Financeiro,27,7.26
802,47,10228,RH,12,6.17
803,67,13579,Marketing,14,7.39
804,62,11903,RH,17,2.15
805,22,5020,Marketing,18,6.65
806,50,10987,RH,0,4.98
807,18,6036,Marketing,5,7.43
808,35,7068,Marketing,26,3.27
809,49,14880,RH,26,8.9
810,64,7233,Financeiro,22,0.84
811,66,13303,TI,26,8.07
812,28,11516,Financeiro,26,8.61
813,38,2317,RH,1,8.17
814,43,4396,Financeiro,23,5.13
815,42,4162,Marketing,13,4.38
816,39,4745,TI,5,9.96
817,44,3591,RH,13,2.29
818,66,13303,RH,3,5.47
819,30,8183,RH,20,6.71
820,50,5930,TI,7,7.01
821,51,12188,Marketing,29,2.04
822,58,3312,RH,2,6.54
823,52,11477,Financeiro,18,8.18
824,18,6311,RH,29,0.5
825,38,9314,RH,13,9.12
826,65,4383,RH,26,0.3
827,23,5239,RH,19,3.56
828,45,4139,Marketing,16,0.16
829,34,3704,Financeiro,24,0.77
830,22,8924,Marketing,7,9.11
831,48,2362,Financeiro,23,3.55
832,22,4604,RH,13,4.25
833,55,11908,TI,25,2.15
834,20,14643,Marketing,5,5.97
835,40,6286,TI,22,5.95
836,54,5738,Marketing,21,3.72
837,54,4469,RH,15,3.33
838,27,6795,Marketing,24,8.85
839,27,8150,RH,18,3.83
840,36,2556,Marketing,13,4.94
841,34,11017,RH,18,2.83
842,38,4808,RH,2,7.87
843,31,7150,Financeiro,9,3.97
844,26,14713,RH,18,5.14
845,63,9561,Financeiro,8,2.53
846,18,4719,RH,27,9.88
847,68,8506,TI,19,2.91
848,62,13700,RH,12,7.71
849,30,5741,TI,6,4.27
850,21,11766,TI,13,2.06
851,18,5998,RH,8,8.0
852,66,12321,TI,26,3.34
853,57,4403,Financeiro,27,8.65
854,49,13521,Marketing,22,9.15
855,51,10780,RH,24,8.6
856,45,12204,TI,27,0.35
857,48,11739,RH,18,7.87
858,25,2294,Financeiro,14,4.11
859,56,12177,RH,19,8.74
860,43,7343,RH,13,6.38
861,51,13309,TI,23,8.34
862,20,11882,Financeiro,5,4.99
863,67,3136,Marketing,20,5.35
864,29,4064,Marketing,28,1.44
865,18,14647,TI,3,7.84
866,61,9009,RH,7,4.19
867,22,14987,TI,16,5.0
868,47,6543,TI,29,7.85
869,47,14962,TI,8,5.99
870,34,3007,RH,0,2.01
871,65,7445,Financeiro,23,5.9
872,64,12706,TI,19,4.08
873,40,13718,RH,24,4.7
874,32,14873,Financeiro,13,0.28
875,54,7352,TI,10,2.1
876,38,11439,Marketing,20,2.81
877,31,14094,Financeiro,2,7.13
878,19,3435,TI,8,0.11
879,28,2571,Financeiro,26,4.09
880,68,4382,Financeiro,13,9.24
881,56,11437,Financeiro,29,1.12
882,55,12276,Financeiro,8,5.16
883,51,7084,Financeiro,3,7.87
884,55,2277,Financeiro,26,9.43
885,67,9059,TI,3,7.47
886,51,3887,Marketing,27,7.21
887,35,14771,RH,7,8.26
888,47,3265,Financeiro,1,4.46
889,32,9491,RH,8,8.06
890,44,3040,TI,28,0.08
891,68,11109,Financeiro,13,9.25
892,51,10073,Marketing,21,4.43
893,69,11077,RH,8,5.53
894,55,4752,Financeiro,23,2.55
895,50,10213,TI,22,7.43
896,41,6569,Marketing,15,0.77
897,32,13383,RH,28,8.73
898,47,8353,RH,29,8.28
899,59,4353,Financeiro,16,2.16
900,68,9437,Marketing,15,8.09
901,34,6799,Marketing,29,7.86
902,22,2686,Marketing,11,6.32
903,46,10476,Marketing,2,3.74
904,21,6811,TI,10,2.71
905,27,13939,Marketing,13,2.32
906,34,10954,RH,17,3.19
907,27,7346,RH,20,9.04
908,34,7043,TI,20,0.78
909,37,4428,RH,4,8.29
910,41,12699,RH,15,3.49
911,22,7126,Marketing,19,5.22
912,51,10220,RH,4,7.94
913,23,11098,TI,2,8.84
914,19,13296,Marketing,11,3.45
915,30,9813,Financeiro,0,4.62
916,60,14191,Marketing,20,4.15
917,60,13186,TI,28,0.13
918,65,12698,Marketing,8,2.96
919,28,14857,Marketing,28,4.59
920,68,13801,TI,8,4.11
921,64,13745,Marketing,3,7.22
922,40,11645,TI,2,3.85
923,33,5356,TI,16,4.89
924,48,10707,Financeiro,1,4.3
925,28,9266,RH,23,7.41
926,33,8540,RH,0,8.63
927,25,2038,Marketing,7,5.32
928,21,5342,Marketing,12,7.89
929,57,11078,Financeiro,22,2.97
930,21,4844,Financeiro,14,5.41
931,42,12396,Financeiro,7,3.45
932,20,3098,TI,11,4.14
933,49,9027,Financeiro,21,7.32
934,20,3823,Financeiro,11,8.82
935,44,13393,Marketing,13,1.21
936,46,5155,Financeiro,14,6.35
937,49,5093,TI,14,5.82
938,67,13722,TI,8,1.18
939,68,7658,Marketing,18,2.12
940,36,5778,Financeiro,25,3.11
941,38,4896,Financeiro,19,1.67
942,22,13645,TI,28,2.44
943,35,13703,Financeiro,21,2.68
944,45,2988,Financeiro,7,3.36
945,59,6116,Financeiro,20,7.49
946,39,8446,RH,18,5.72
947,38,14218,Marketing,5,9.86
948,23,6179,RH,19,4.15
949,18,3682,Marketing,24,7.54
950,22,7626,TI,28,8.71
951,58,9424,Financeiro,18,6.79
952,29,14857,Marketing,3,4.12
953,43,14155,RH,22,7.54
954,63,2933,Financeiro,6,2.04
955,51,5598,TI,27,3.28
956,66,13425,Marketing,27,5.47
957,31,3980,Marketing,3,5.75
958,43,12047,Marketing,21,0.22
959,62,5056,Financeiro,11,9.45
960,44,10984,RH,12,6.97
961,26,2791,RH,2,4.96
962,43,12001,Marketing,21,9.33
963,64,7390,TI,11,4.39
964,39,8635,TI,1,9.8
965,64,4255,RH,23,5.12
966,47,5610,TI,1,1.14
967,60,3607,RH,26,7.65
968,65,7179,Marketing,22,6.79
969,34,8573,RH,8,7.73
970,43,2984,RH,0,9.51
971,53,7776,Marketing,7,7.76
972,18,5676,TI,22,6.11
973,25,5380,RH,5,8.57
974,66,10711,RH,5,6.73
975,52,10782,Marketing,21,4.08
976,69,3050,TI,24,8.86
977,32,5633,RH,17,2.22
978,64,8342,Marketing,16,7.15
979,39,14636,RH,28,8.82
980,31,2959,Financeiro,11,7.31
981,43,8059,Marketing,5,6.97
982,45,10884,TI,25,7.53
983,40,7655,TI,26,4.65
984,31,14091,TI,7,8.74
985,41,6473,TI,18,2.03
986,19,4946,RH,27,1.27
987,62,9725,RH,9,2.86
988,43,2526,TI,0,5.32
989,31,5224,TI,24,5.11
990,68,12445,TI,28,8.21
991,24,13536,RH,12,4.05
992,20,14157,TI,16,4.84
993,64,3875,TI,2,0.13
994,40,3763,Financeiro,7,4.1
995,63,10712,Financeiro,13,6.48
996,60,7797,TI,2,0.16
997,64,11208,Marketing,15,2.81
998,62,9099,TI,12,2.08
999,35,7109,Financeiro,19,0.42
1000,55,8644,Marketing,23,4.79
